stim_category,item1,item2,avg_dist
practice_1,cottage,house_1,0.9105819536864836
practice_1,cottage,house_2,0.8279573047526545
practice_1,cottage,house_3,0.9035461119898501
practice_1,house_1,house_2,0.3491426152572692
practice_1,house_1,house_3,0.28771764501891883
practice_1,house_2,house_3,0.36280236700504176
practice_2,hammer_1,hammer_2,0.2482934795245283
practice_2,hammer_1,microphone,0.8179817214798557
practice_2,hammer_1,screwdriver_1,0.6454956955505645
practice_2,hammer_1,screwdriver_2,0.6503566569341824
practice_2,hammer_2,microphone,0.789402714832223
practice_2,hammer_2,screwdriver_1,0.6280781498102119
practice_2,hammer_2,screwdriver_2,0.6320941206218427
practice_2,microphone,screwdriver_1,0.8597599603764642
practice_2,microphone,screwdriver_2,0.8430037434363427
practice_2,screwdriver_1,screwdriver_2,0.22295371753658155
stims_air,bas1,bas2,0.42985104092622156
stims_air,bas1,bas3,0.2747889010952494
stims_air,bas1,bas4,0.3532352202699283
stims_air,bas1,sub1,0.533694524980716
stims_air,bas1,sub2,0.4934495464924432
stims_air,bas1,sub3,0.5195895106450101
stims_air,bas1,sub4,0.5244364029002564
stims_air,bas1,sub5,0.514665150999788
stims_air,bas1,sup1,0.5703014155492037
stims_air,bas1,sup2,0.5790526590709675
stims_air,bas1,sup3,0.5907877094881119
stims_air,bas1,sup4,0.5082633828239341
stims_air,bas1,sup5,0.638373099210849
stims_air,bas1,sup6,0.6069890074323945
stims_air,bas2,bas3,0.42128278309134803
stims_air,bas2,bas4,0.2969671649845344
stims_air,bas2,sub1,0.5132675519971064
stims_air,bas2,sub2,0.5085105777356892
stims_air,bas2,sub3,0.5375076786781263
stims_air,bas2,sub4,0.5185563670523405
stims_air,bas2,sub5,0.522461074436386
stims_air,bas2,sup1,0.5769603533641873
stims_air,bas2,sup2,0.5914582453248355
stims_air,bas2,sup3,0.6002739561112463
stims_air,bas2,sup4,0.30308403172015386
stims_air,bas2,sup5,0.6644668345909812
stims_air,bas2,sup6,0.6276187666744439
stims_air,bas3,bas4,0.389690337383331
stims_air,bas3,sub1,0.4944861994269153
stims_air,bas3,sub2,0.4501149994699646
stims_air,bas3,sub3,0.47607847606451553
stims_air,bas3,sub4,0.48376786602466043
stims_air,bas3,sub5,0.4793119374280265
stims_air,bas3,sup1,0.5977085197579092
stims_air,bas3,sup2,0.5296708377863611
stims_air,bas3,sup3,0.5728781205584556
stims_air,bas3,sup4,0.5094873285619065
stims_air,bas3,sup5,0.6278526668554281
stims_air,bas3,sup6,0.5961961801570925
stims_air,bas4,sub1,0.5222581931089026
stims_air,bas4,sub2,0.4922763495420067
stims_air,bas4,sub3,0.5165734779406242
stims_air,bas4,sub4,0.5117200115125172
stims_air,bas4,sub5,0.4957345362312558
stims_air,bas4,sup1,0.6096652753972716
stims_air,bas4,sup2,0.5609156936428941
stims_air,bas4,sup3,0.5681862616491927
stims_air,bas4,sup4,0.4315770748399635
stims_air,bas4,sup5,0.6694032325357563
stims_air,bas4,sup6,0.6271490250920158
stims_air,sub1,sub2,0.26794352831167834
stims_air,sub1,sub3,0.25178284394791645
stims_air,sub1,sub4,0.26262832811335707
stims_air,sub1,sub5,0.25815175542988056
stims_air,sub1,sup1,0.6644676433690758
stims_air,sub1,sup2,0.5998120753015511
stims_air,sub1,sup3,0.5896418802526675
stims_air,sub1,sup4,0.5667797063168678
stims_air,sub1,sup5,0.6726561717897004
stims_air,sub1,sup6,0.603142181713166
stims_air,sub2,sub3,0.25760543686292026
stims_air,sub2,sub4,0.27484389983148166
stims_air,sub2,sub5,0.23775817906132019
stims_air,sub2,sup1,0.5841338999012337
stims_air,sub2,sup2,0.5946508447952811
stims_air,sub2,sup3,0.5859664891609463
stims_air,sub2,sup4,0.5311048940885142
stims_air,sub2,sup5,0.6404933495734989
stims_air,sub2,sup6,0.5752406795835908
stims_air,sub3,sub4,0.2673111615181414
stims_air,sub3,sub5,0.26215926626834096
stims_air,sub3,sup1,0.6451502720582478
stims_air,sub3,sup2,0.5969220557556532
stims_air,sub3,sup3,0.5828222467726067
stims_air,sub3,sup4,0.6048112203717858
stims_air,sub3,sup5,0.6891232531645477
stims_air,sub3,sup6,0.608295715113224
stims_air,sub4,sub5,0.2087138674197933
stims_air,sub4,sup1,0.6430239432960376
stims_air,sub4,sup2,0.5938249565506276
stims_air,sub4,sup3,0.5725917218972452
stims_air,sub4,sup4,0.562602495471178
stims_air,sub4,sup5,0.6620426981241155
stims_air,sub4,sup6,0.5818941032719932
stims_air,sub5,sup1,0.6394673930595771
stims_air,sub5,sup2,0.5929210727524192
stims_air,sub5,sup3,0.5743807294318725
stims_air,sub5,sup4,0.5746344289011205
stims_air,sub5,sup5,0.6516908283965537
stims_air,sub5,sup6,0.5798060966514754
stims_air,sup1,sup2,0.5967552559118734
stims_air,sup1,sup3,0.5741526919958231
stims_air,sup1,sup4,0.5778330384482087
stims_air,sup1,sup5,0.33408733831258774
stims_air,sup1,sup6,0.4403963552394046
stims_air,sup2,sup3,0.19597457933268786
stims_air,sup2,sup4,0.614376886022857
stims_air,sup2,sup5,0.5926137226787114
stims_air,sup2,sup6,0.5540991953989841
stims_air,sup3,sup4,0.6099386448688231
stims_air,sup3,sup5,0.6032325059416672
stims_air,sup3,sup6,0.5455721814245149
stims_air,sup4,sup5,0.6468520971997112
stims_air,sup4,sup6,0.6036047904369674
stims_air,sup5,sup6,0.42625518963652886
stims_ani,bas1,bas2,0.27979578162524554
stims_ani,bas1,bas3,0.34713401971782254
stims_ani,bas1,bas4,0.30919345824312433
stims_ani,bas1,sub1,0.43963059705923013
stims_ani,bas1,sub2,0.4247754654482208
stims_ani,bas1,sub3,0.4141890491616878
stims_ani,bas1,sub4,0.42749476517572754
stims_ani,bas1,sub5,0.42115730589545275
stims_ani,bas1,sup1,0.4917287859481789
stims_ani,bas1,sup2,0.6497096764411259
stims_ani,bas1,sup3,0.6097429654592232
stims_ani,bas1,sup4,0.435187252445758
stims_ani,bas1,sup5,0.6463489878195314
stims_ani,bas1,sup6,0.6695203966573817
stims_ani,bas2,bas3,0.34939644207694126
stims_ani,bas2,bas4,0.32530641569343155
stims_ani,bas2,sub1,0.42584130475525245
stims_ani,bas2,sub2,0.4082385477729717
stims_ani,bas2,sub3,0.4164341650519261
stims_ani,bas2,sub4,0.4264720883925699
stims_ani,bas2,sub5,0.43752959654849144
stims_ani,bas2,sup1,0.5147178542159182
stims_ani,bas2,sup2,0.6819837068205327
stims_ani,bas2,sup3,0.6330891759022225
stims_ani,bas2,sup4,0.48060048553385915
stims_ani,bas2,sup5,0.6663859097064335
stims_ani,bas2,sup6,0.6756229115785382
stims_ani,bas3,bas4,0.28537596707879476
stims_ani,bas3,sub1,0.418292389811805
stims_ani,bas3,sub2,0.37296531790922455
stims_ani,bas3,sub3,0.39056527810912456
stims_ani,bas3,sub4,0.3718564554688535
stims_ani,bas3,sub5,0.4342150900643472
stims_ani,bas3,sup1,0.5735940883337192
stims_ani,bas3,sup2,0.632935118559486
stims_ani,bas3,sup3,0.6059979350715102
stims_ani,bas3,sup4,0.549441974648232
stims_ani,bas3,sup5,0.6571107089259531
stims_ani,bas3,sup6,0.6262164892098877
stims_ani,bas4,sub1,0.41772864310130065
stims_ani,bas4,sub2,0.4057475549517434
stims_ani,bas4,sub3,0.4128814544980228
stims_ani,bas4,sub4,0.4044127049770281
stims_ani,bas4,sub5,0.4217287867811878
stims_ani,bas4,sup1,0.5225616868050494
stims_ani,bas4,sup2,0.6272831002191939
stims_ani,bas4,sup3,0.5631979047643895
stims_ani,bas4,sup4,0.49378863319081245
stims_ani,bas4,sup5,0.6116532850263222
stims_ani,bas4,sup6,0.6088190177495125
stims_ani,sub1,sub2,0.21567925085113498
stims_ani,sub1,sub3,0.20370172746015672
stims_ani,sub1,sub4,0.19281368389571057
stims_ani,sub1,sub5,0.21628487307949845
stims_ani,sub1,sup1,0.6049212050075551
stims_ani,sub1,sup2,0.7292132837621752
stims_ani,sub1,sup3,0.6010652549330013
stims_ani,sub1,sup4,0.589471344982721
stims_ani,sub1,sup5,0.665013218465039
stims_ani,sub1,sup6,0.703022285847755
stims_ani,sub2,sub3,0.20454233699408336
stims_ani,sub2,sub4,0.20595435119534403
stims_ani,sub2,sub5,0.22488854229893582
stims_ani,sub2,sup1,0.6094385272585253
stims_ani,sub2,sup2,0.7203536178154776
stims_ani,sub2,sup3,0.6267532836615803
stims_ani,sub2,sup4,0.5882177100492081
stims_ani,sub2,sup5,0.6903747819499348
stims_ani,sub2,sup6,0.7008003205963715
stims_ani,sub3,sub4,0.18834802003541637
stims_ani,sub3,sub5,0.2092841214862879
stims_ani,sub3,sup1,0.6148150886091868
stims_ani,sub3,sup2,0.7438903632303713
stims_ani,sub3,sup3,0.5951287810668979
stims_ani,sub3,sup4,0.5994844944627304
stims_ani,sub3,sup5,0.6665672444663159
stims_ani,sub3,sup6,0.7319928020077549
stims_ani,sub4,sub5,0.2082637102922094
stims_ani,sub4,sup1,0.6200214421086435
stims_ani,sub4,sup2,0.7108784178395741
stims_ani,sub4,sup3,0.5968974902175206
stims_ani,sub4,sup4,0.5804633403382355
stims_ani,sub4,sup5,0.6630054282353021
stims_ani,sub4,sup6,0.690486679366387
stims_ani,sub5,sup1,0.6362754357975905
stims_ani,sub5,sup2,0.7648544624515288
stims_ani,sub5,sup3,0.6618931536094416
stims_ani,sub5,sup4,0.5980145581395417
stims_ani,sub5,sup5,0.7333077147891717
stims_ani,sub5,sup6,0.7438449914438807
stims_ani,sup1,sup2,0.5231574742663364
stims_ani,sup1,sup3,0.5191050940647852
stims_ani,sup1,sup4,0.3845200338136306
stims_ani,sup1,sup5,0.5178942276767795
stims_ani,sup1,sup6,0.5219463093999758
stims_ani,sup2,sup3,0.5318074687810858
stims_ani,sup2,sup4,0.513977904945525
stims_ani,sup2,sup5,0.4945049941757903
stims_ani,sup2,sup6,0.4109496824845803
stims_ani,sup3,sup4,0.5429746779653494
stims_ani,sup3,sup5,0.40392727277573265
stims_ani,sup3,sup6,0.4933644090007237
stims_ani,sup4,sup5,0.5703483360162703
stims_ani,sup4,sup6,0.5319532313949046
stims_ani,sup5,sup6,0.4745888881638873
stims_boa,bas1,bas2,0.28043337388323053
stims_boa,bas1,bas3,0.30704515402656263
stims_boa,bas1,bas4,0.23826678485256092
stims_boa,bas1,sub1,0.5841851284206298
stims_boa,bas1,sub2,0.5938386326408832
stims_boa,bas1,sub3,0.6029497578377769
stims_boa,bas1,sub4,0.624520253308027
stims_boa,bas1,sub5,0.5939025894135498
stims_boa,bas1,sup1,0.6494948630529048
stims_boa,bas1,sup2,0.4609803664803274
stims_boa,bas1,sup3,0.6465406235708218
stims_boa,bas1,sup4,0.5963703865804735
stims_boa,bas1,sup5,0.6212207657041401
stims_boa,bas1,sup6,0.4066370405408574
stims_boa,bas1,sup7,0.4712446394815255
stims_boa,bas1,sup8,0.5852756047865318
stims_boa,bas2,bas3,0.3734380934516951
stims_boa,bas2,bas4,0.2954835050709635
stims_boa,bas2,sub1,0.5627698195700632
stims_boa,bas2,sub2,0.5741124449888176
stims_boa,bas2,sub3,0.5951108665346462
stims_boa,bas2,sub4,0.5946767700570177
stims_boa,bas2,sub5,0.5630238946426009
stims_boa,bas2,sup1,0.6133358614330984
stims_boa,bas2,sup2,0.4078703553787239
stims_boa,bas2,sup3,0.6198141933325637
stims_boa,bas2,sup4,0.5619428741769509
stims_boa,bas2,sup5,0.6134709123359501
stims_boa,bas2,sup6,0.3973273410516722
stims_boa,bas2,sup7,0.487266352647768
stims_boa,bas2,sup8,0.5889093855199735
stims_boa,bas3,bas4,0.28120365368564804
stims_boa,bas3,sub1,0.6191760425608133
stims_boa,bas3,sub2,0.6101727509417232
stims_boa,bas3,sub3,0.5995324184597194
stims_boa,bas3,sub4,0.6207969643740862
stims_boa,bas3,sub5,0.6176514807877291
stims_boa,bas3,sup1,0.5835235041564049
stims_boa,bas3,sup2,0.4347456601178566
stims_boa,bas3,sup3,0.6050895306415686
stims_boa,bas3,sup4,0.5802882465744086
stims_boa,bas3,sup5,0.5548125639005812
stims_boa,bas3,sup6,0.5144433430065586
stims_boa,bas3,sup7,0.5172108111567545
stims_boa,bas3,sup8,0.5851114347576724
stims_boa,bas4,sub1,0.5854340085601806
stims_boa,bas4,sub2,0.591066715749338
stims_boa,bas4,sub3,0.6102661607577134
stims_boa,bas4,sub4,0.6133572774739694
stims_boa,bas4,sub5,0.5865172669451036
stims_boa,bas4,sup1,0.6323660084376684
stims_boa,bas4,sup2,0.4619858595536055
stims_boa,bas4,sup3,0.6778466530647788
stims_boa,bas4,sup4,0.5940755717810129
stims_boa,bas4,sup5,0.6051752751360217
stims_boa,bas4,sup6,0.4690187353105718
stims_boa,bas4,sup7,0.46744988404575905
stims_boa,bas4,sup8,0.5741539921487293
stims_boa,sub1,sub2,0.2421519721326184
stims_boa,sub1,sub3,0.23157952783012917
stims_boa,sub1,sub4,0.2607530847704467
stims_boa,sub1,sub5,0.2229597322610721
stims_boa,sub1,sup1,0.6024420221680759
stims_boa,sub1,sup2,0.6043590681393973
stims_boa,sub1,sup3,0.5939686148003971
stims_boa,sub1,sup4,0.32774617469610623
stims_boa,sub1,sup5,0.6076577313800978
stims_boa,sub1,sup6,0.5996342361738072
stims_boa,sub1,sup7,0.6371485419310485
stims_boa,sub1,sup8,0.6548904878214115
stims_boa,sub2,sub3,0.19966439266849056
stims_boa,sub2,sub4,0.25772658380676183
stims_boa,sub2,sub5,0.21939975256005198
stims_boa,sub2,sup1,0.5862169480510371
stims_boa,sub2,sup2,0.6039502225751161
stims_boa,sub2,sup3,0.5932724946674726
stims_boa,sub2,sup4,0.3461762149438901
stims_boa,sub2,sup5,0.5872532818495954
stims_boa,sub2,sup6,0.6322882356948037
stims_boa,sub2,sup7,0.6508205672196955
stims_boa,sub2,sup8,0.6505129892750385
stims_boa,sub3,sub4,0.2619812858424154
stims_boa,sub3,sub5,0.20560201909648332
stims_boa,sub3,sup1,0.5847498665613083
stims_boa,sub3,sup2,0.6087921084132522
stims_boa,sub3,sup3,0.5833460537042963
stims_boa,sub3,sup4,0.3171937337257732
stims_boa,sub3,sup5,0.5934764197262606
stims_boa,sub3,sup6,0.6297426296812004
stims_boa,sub3,sup7,0.6600128054968635
stims_boa,sub3,sup8,0.6462971259908793
stims_boa,sub4,sub5,0.2618657464215294
stims_boa,sub4,sup1,0.5639947057396534
stims_boa,sub4,sup2,0.5616599206387425
stims_boa,sub4,sup3,0.5491753010143152
stims_boa,sub4,sup4,0.2755665885218027
stims_boa,sub4,sup5,0.5426436795103313
stims_boa,sub4,sup6,0.6256930419542791
stims_boa,sub4,sup7,0.6361802993667123
stims_boa,sub4,sup8,0.631105030905678
stims_boa,sub5,sup1,0.6073032904074519
stims_boa,sub5,sup2,0.6122308275119203
stims_boa,sub5,sup3,0.5999408512656313
stims_boa,sub5,sup4,0.35442031018345277
stims_boa,sub5,sup5,0.6113125156989715
stims_boa,sub5,sup6,0.5941727070209993
stims_boa,sub5,sup7,0.6385212907611003
stims_boa,sub5,sup8,0.6761587725220681
stims_boa,sup1,sup2,0.49161651680604046
stims_boa,sup1,sup3,0.3009226866685235
stims_boa,sup1,sup4,0.48137572437321624
stims_boa,sup1,sup5,0.26308969475592847
stims_boa,sup1,sup6,0.5982402943845473
stims_boa,sup1,sup7,0.5486031401493793
stims_boa,sup1,sup8,0.506994291960334
stims_boa,sup2,sup3,0.500380677149515
stims_boa,sup2,sup4,0.5344922847691471
stims_boa,sup2,sup5,0.4945135152124377
stims_boa,sup2,sup6,0.5068085695452728
stims_boa,sup2,sup7,0.47565751027516423
stims_boa,sup2,sup8,0.5443032762482122
stims_boa,sup3,sup4,0.46521061238040334
stims_boa,sup3,sup5,0.22550933857387034
stims_boa,sup3,sup6,0.579859558304844
stims_boa,sup3,sup7,0.5667718269805188
stims_boa,sup3,sup8,0.5775927535619538
stims_boa,sup4,sup5,0.4954651438000078
stims_boa,sup4,sup6,0.6179966429369432
stims_boa,sup4,sup7,0.6187808644012629
stims_boa,sup4,sup8,0.6048758822099795
stims_boa,sup5,sup6,0.5993938161713688
stims_boa,sup5,sup7,0.5460756725776982
stims_boa,sup5,sup8,0.4964882005417623
stims_boa,sup6,sup7,0.2560288778561459
stims_boa,sup6,sup8,0.5124128541711399
stims_boa,sup7,sup8,0.46860203804797607
stims_fru,bas1,bas2,0.3515763089379942
stims_fru,bas1,bas3,0.19492159075458415
stims_fru,bas1,bas4,0.3684707370668298
stims_fru,bas1,sub1,0.4013360836769159
stims_fru,bas1,sub2,0.40640665374069757
stims_fru,bas1,sub3,0.39751342388644195
stims_fru,bas1,sub4,0.414133985703211
stims_fru,bas1,sub5,0.3979612616508072
stims_fru,bas1,sup1,0.6197603892889764
stims_fru,bas1,sup2,0.6454311917828195
stims_fru,bas1,sup3,0.601981718676168
stims_fru,bas1,sup4,0.6579208187505476
stims_fru,bas1,sup5,0.679588910239292
stims_fru,bas1,sup6,0.6348689957454425
stims_fru,bas2,bas3,0.3342646450219939
stims_fru,bas2,bas4,0.1910687746474534
stims_fru,bas2,sub1,0.4161766354599816
stims_fru,bas2,sub2,0.4421885255407893
stims_fru,bas2,sub3,0.4400488509516619
stims_fru,bas2,sub4,0.4318052206593294
stims_fru,bas2,sub5,0.4457639997648151
stims_fru,bas2,sup1,0.5961379161873165
stims_fru,bas2,sup2,0.5623085458504061
stims_fru,bas2,sup3,0.5822736128667549
stims_fru,bas2,sup4,0.6396903138853824
stims_fru,bas2,sup5,0.6395179956659608
stims_fru,bas2,sup6,0.6229436383897792
stims_fru,bas3,bas4,0.3684730855137272
stims_fru,bas3,sub1,0.39997523139933683
stims_fru,bas3,sub2,0.4085387863660539
stims_fru,bas3,sub3,0.3934039965671422
stims_fru,bas3,sub4,0.4164775774780296
stims_fru,bas3,sub5,0.41994003415796577
stims_fru,bas3,sup1,0.6269167204406568
stims_fru,bas3,sup2,0.62246364066442
stims_fru,bas3,sup3,0.6044823055717178
stims_fru,bas3,sup4,0.6543615743288609
stims_fru,bas3,sup5,0.6669792796018308
stims_fru,bas3,sup6,0.6320685126073645
stims_fru,bas4,sub1,0.4237339526576608
stims_fru,bas4,sub2,0.4482161149636741
stims_fru,bas4,sub3,0.42841899080815754
stims_fru,bas4,sub4,0.4415711138080569
stims_fru,bas4,sub5,0.4520319205588556
stims_fru,bas4,sup1,0.6022029622914491
stims_fru,bas4,sup2,0.5845996868296656
stims_fru,bas4,sup3,0.5874979581405922
stims_fru,bas4,sup4,0.627270467881407
stims_fru,bas4,sup5,0.6541663409920347
stims_fru,bas4,sup6,0.6080042585534702
stims_fru,sub1,sub2,0.24212875130507816
stims_fru,sub1,sub3,0.1993248309046407
stims_fru,sub1,sub4,0.22041813099947039
stims_fru,sub1,sub5,0.21718095769239848
stims_fru,sub1,sup1,0.6403737885645067
stims_fru,sub1,sup2,0.6882907961695707
stims_fru,sub1,sup3,0.6762239372469846
stims_fru,sub1,sup4,0.5765238880664983
stims_fru,sub1,sup5,0.7014244355507112
stims_fru,sub1,sup6,0.6469413612872625
stims_fru,sub2,sub3,0.2187019618301149
stims_fru,sub2,sub4,0.22098096410812115
stims_fru,sub2,sub5,0.23727723774746537
stims_fru,sub2,sup1,0.6666065499164074
stims_fru,sub2,sup2,0.6703000938186379
stims_fru,sub2,sup3,0.6443690451257748
stims_fru,sub2,sup4,0.5902005356637418
stims_fru,sub2,sup5,0.720845970760503
stims_fru,sub2,sup6,0.6413756623212282
stims_fru,sub3,sub4,0.20688107885891854
stims_fru,sub3,sub5,0.2196958091740105
stims_fru,sub3,sup1,0.648910452337669
stims_fru,sub3,sup2,0.692584800632048
stims_fru,sub3,sup3,0.6719313028439231
stims_fru,sub3,sup4,0.572321046070899
stims_fru,sub3,sup5,0.7071655546974672
stims_fru,sub3,sup6,0.6191838881478937
stims_fru,sub4,sub5,0.23264054254588687
stims_fru,sub4,sup1,0.6767340735749896
stims_fru,sub4,sup2,0.6975293564074357
stims_fru,sub4,sup3,0.697389747902407
stims_fru,sub4,sup4,0.5997484938985242
stims_fru,sub4,sup5,0.7361167289803429
stims_fru,sub4,sup6,0.6394655622081777
stims_fru,sub5,sup1,0.6528093897944607
stims_fru,sub5,sup2,0.6916502749358985
stims_fru,sub5,sup3,0.6852988028683265
stims_fru,sub5,sup4,0.6163181524194111
stims_fru,sub5,sup5,0.7257951171823703
stims_fru,sub5,sup6,0.6524101803982678
stims_fru,sup1,sup2,0.5189905377955083
stims_fru,sup1,sup3,0.5710742923092493
stims_fru,sup1,sup4,0.40361224041010013
stims_fru,sup1,sup5,0.28083416633711183
stims_fru,sup1,sup6,0.40634936962207535
stims_fru,sup2,sup3,0.43766455693376094
stims_fru,sup2,sup4,0.6069274300240954
stims_fru,sup2,sup5,0.5554638076343513
stims_fru,sup2,sup6,0.5619873718288909
stims_fru,sup3,sup4,0.5603099726850477
stims_fru,sup3,sup5,0.5203866358134469
stims_fru,sup3,sup6,0.5454777971664522
stims_fru,sup4,sup5,0.43433181019649497
stims_fru,sup4,sup6,0.4240607747801939
stims_fru,sup5,sup6,0.4494747741306759
stims_mus,bas1,bas2,0.3512286223065216
stims_mus,bas1,bas3,0.2517515670628839
stims_mus,bas1,bas4,0.40098023849859527
stims_mus,bas1,sub1,0.3683561421626075
stims_mus,bas1,sub2,0.36793489959465303
stims_mus,bas1,sub3,0.3723191128619645
stims_mus,bas1,sub4,0.36827245198398495
stims_mus,bas1,sub5,0.39238476271015144
stims_mus,bas1,sup1,0.6523520700591234
stims_mus,bas1,sup2,0.6765456073057354
stims_mus,bas1,sup3,0.690158049605021
stims_mus,bas1,sup4,0.6219786958144097
stims_mus,bas1,sup5,0.64653126150586
stims_mus,bas1,sup6,0.6836672057896491
stims_mus,bas2,bas3,0.3350117231641243
stims_mus,bas2,bas4,0.35302261373079163
stims_mus,bas2,sub1,0.32741195155591374
stims_mus,bas2,sub2,0.333732144242681
stims_mus,bas2,sub3,0.3491540110943045
stims_mus,bas2,sub4,0.339357113077877
stims_mus,bas2,sub5,0.33302158082703115
stims_mus,bas2,sup1,0.6597781830750716
stims_mus,bas2,sup2,0.6675454337272575
stims_mus,bas2,sup3,0.6720536424684882
stims_mus,bas2,sup4,0.6446786166589056
stims_mus,bas2,sup5,0.6616388294242666
stims_mus,bas2,sup6,0.7092481711652978
stims_mus,bas3,bas4,0.3893283620696411
stims_mus,bas3,sub1,0.39828939010010356
stims_mus,bas3,sub2,0.40549028268854553
stims_mus,bas3,sub3,0.39685435745127084
stims_mus,bas3,sub4,0.40074023993460195
stims_mus,bas3,sub5,0.38278452265005075
stims_mus,bas3,sup1,0.6386848635855018
stims_mus,bas3,sup2,0.6394153480582012
stims_mus,bas3,sup3,0.6700365473264691
stims_mus,bas3,sup4,0.6097464387910961
stims_mus,bas3,sup5,0.6404557114261571
stims_mus,bas3,sup6,0.6437548581707242
stims_mus,bas4,sub1,0.41662683285586705
stims_mus,bas4,sub2,0.3929353000082074
stims_mus,bas4,sub3,0.44155655916818637
stims_mus,bas4,sub4,0.4352453656351079
stims_mus,bas4,sub5,0.4091387898364193
stims_mus,bas4,sup1,0.6191398255196349
stims_mus,bas4,sup2,0.6450553697204772
stims_mus,bas4,sup3,0.6448477011923597
stims_mus,bas4,sup4,0.5712125403352374
stims_mus,bas4,sup5,0.5777272825472909
stims_mus,bas4,sup6,0.64458208353211
stims_mus,sub1,sub2,0.2861822716455698
stims_mus,sub1,sub3,0.24963110350143272
stims_mus,sub1,sub4,0.28027305459428203
stims_mus,sub1,sub5,0.2748213090517799
stims_mus,sub1,sup1,0.6854909423629642
stims_mus,sub1,sup2,0.6953509365651156
stims_mus,sub1,sup3,0.6848921884402094
stims_mus,sub1,sup4,0.6693766253060653
stims_mus,sub1,sup5,0.6737550658890383
stims_mus,sub1,sup6,0.7000834890646509
stims_mus,sub2,sub3,0.2957639859856061
stims_mus,sub2,sub4,0.27916115871436725
stims_mus,sub2,sub5,0.2821153565663366
stims_mus,sub2,sup1,0.6543670175399431
stims_mus,sub2,sup2,0.6472378147408231
stims_mus,sub2,sup3,0.6580456813981747
stims_mus,sub2,sup4,0.6376784078390297
stims_mus,sub2,sup5,0.6525162236026961
stims_mus,sub2,sup6,0.6786163004763451
stims_mus,sub3,sub4,0.23185009735794063
stims_mus,sub3,sub5,0.22335922033579758
stims_mus,sub3,sup1,0.694056925522428
stims_mus,sub3,sup2,0.6705836743729764
stims_mus,sub3,sup3,0.6692684603509346
stims_mus,sub3,sup4,0.6582660625676354
stims_mus,sub3,sup5,0.6645032998731212
stims_mus,sub3,sup6,0.6619573929620799
stims_mus,sub4,sub5,0.24085055305651473
stims_mus,sub4,sup1,0.6762277362567923
stims_mus,sub4,sup2,0.702728323670009
stims_mus,sub4,sup3,0.7117693075699789
stims_mus,sub4,sup4,0.6573806345720643
stims_mus,sub4,sup5,0.6707515710230978
stims_mus,sub4,sup6,0.6922846608072388
stims_mus,sub5,sup1,0.6742159879625131
stims_mus,sub5,sup2,0.6905235702331604
stims_mus,sub5,sup3,0.7013232107868325
stims_mus,sub5,sup4,0.630397923419083
stims_mus,sub5,sup5,0.646125253901561
stims_mus,sub5,sup6,0.6783952900662139
stims_mus,sup1,sup2,0.5197979476100151
stims_mus,sup1,sup3,0.5426979551407746
stims_mus,sup1,sup4,0.5277803904711366
stims_mus,sup1,sup5,0.5363893533153549
stims_mus,sup1,sup6,0.39283503571055045
stims_mus,sup2,sup3,0.3136260745728278
stims_mus,sup2,sup4,0.6079753263406009
stims_mus,sup2,sup5,0.602187070420193
stims_mus,sup2,sup6,0.4535445189191313
stims_mus,sup3,sup4,0.5816624620592111
stims_mus,sup3,sup5,0.5965660215533547
stims_mus,sup3,sup6,0.4599162959774964
stims_mus,sup4,sup5,0.20064994652217139
stims_mus,sup4,sup6,0.5337919852481066
stims_mus,sup5,sup6,0.5218795103625647
stims_pla,bas1,bas2,0.4090332275993534
stims_pla,bas1,bas3,0.38086786841038034
stims_pla,bas1,bas4,0.4107256419989338
stims_pla,bas1,sub1,0.48633988472547174
stims_pla,bas1,sub2,0.49204752185763095
stims_pla,bas1,sub3,0.5027524906644373
stims_pla,bas1,sub4,0.5046937426133564
stims_pla,bas1,sub5,0.4526026566198793
stims_pla,bas1,sup1,0.6683434526678337
stims_pla,bas1,sup2,0.4230362649764096
stims_pla,bas1,sup3,0.5824473463086817
stims_pla,bas1,sup4,0.6172230822534289
stims_pla,bas1,sup5,0.5745167282701743
stims_pla,bas1,sup6,0.6167328455109857
stims_pla,bas1,sup7,0.6647709677664316
stims_pla,bas1,sup8,0.5303106310122727
stims_pla,bas2,bas3,0.36822613840868346
stims_pla,bas2,bas4,0.3369863553381985
stims_pla,bas2,sub1,0.5295191700964555
stims_pla,bas2,sub2,0.5097863316921124
stims_pla,bas2,sub3,0.5167505667284287
stims_pla,bas2,sub4,0.5305480113253356
stims_pla,bas2,sub5,0.5007166679576612
stims_pla,bas2,sup1,0.6856353262712394
stims_pla,bas2,sup2,0.4133921974847266
stims_pla,bas2,sup3,0.5968428812215828
stims_pla,bas2,sup4,0.6193023958666215
stims_pla,bas2,sup5,0.6023018163068146
stims_pla,bas2,sup6,0.6321593082271191
stims_pla,bas2,sup7,0.6221597305708328
stims_pla,bas2,sup8,0.5448787543754724
stims_pla,bas3,bas4,0.33051967278889866
stims_pla,bas3,sub1,0.44872685807448504
stims_pla,bas3,sub2,0.4923453484307256
stims_pla,bas3,sub3,0.4612675734472457
stims_pla,bas3,sub4,0.48162239690583625
stims_pla,bas3,sub5,0.4531738580246555
stims_pla,bas3,sup1,0.6309632665657477
stims_pla,bas3,sup2,0.4209964377622422
stims_pla,bas3,sup3,0.6358640613266334
stims_pla,bas3,sup4,0.5773930172055534
stims_pla,bas3,sup5,0.5733919933374476
stims_pla,bas3,sup6,0.6270655602121659
stims_pla,bas3,sup7,0.6162788322156076
stims_pla,bas3,sup8,0.5502444206598092
stims_pla,bas4,sub1,0.5167596188587995
stims_pla,bas4,sub2,0.5297581404669233
stims_pla,bas4,sub3,0.49857735592306057
stims_pla,bas4,sub4,0.5423577659824516
stims_pla,bas4,sub5,0.490927867857137
stims_pla,bas4,sup1,0.6739756124774463
stims_pla,bas4,sup2,0.4273708992550014
stims_pla,bas4,sup3,0.6571502534928871
stims_pla,bas4,sup4,0.641138644847249
stims_pla,bas4,sup5,0.6242367532947051
stims_pla,bas4,sup6,0.6582762177332772
stims_pla,bas4,sup7,0.6531117859509468
stims_pla,bas4,sup8,0.5887459154590896
stims_pla,sub1,sub2,0.23680135994159907
stims_pla,sub1,sub3,0.19872978740143757
stims_pla,sub1,sub4,0.21579789222810794
stims_pla,sub1,sub5,0.20511096761243952
stims_pla,sub1,sup1,0.6782800884901012
stims_pla,sub1,sup2,0.5382460556775489
stims_pla,sub1,sup3,0.6268916191791849
stims_pla,sub1,sup4,0.5815911615656706
stims_pla,sub1,sup5,0.6492394222476844
stims_pla,sub1,sup6,0.6786342262298515
stims_pla,sub1,sup7,0.6913354978934854
stims_pla,sub1,sup8,0.6508286032163175
stims_pla,sub2,sub3,0.2407672490995241
stims_pla,sub2,sub4,0.2277486409675105
stims_pla,sub2,sub5,0.2533678277874396
stims_pla,sub2,sup1,0.6739863221392417
stims_pla,sub2,sup2,0.5479931494159682
stims_pla,sub2,sup3,0.6297316638415824
stims_pla,sub2,sup4,0.5631619721533183
stims_pla,sub2,sup5,0.6507001073919533
stims_pla,sub2,sup6,0.6576429005654142
stims_pla,sub2,sup7,0.6981286290514733
stims_pla,sub2,sup8,0.6413860262301071
stims_pla,sub3,sub4,0.24031227449344944
stims_pla,sub3,sub5,0.20567757675440343
stims_pla,sub3,sup1,0.6634131133092328
stims_pla,sub3,sup2,0.5588967561577777
stims_pla,sub3,sup3,0.6529000598811163
stims_pla,sub3,sup4,0.5689647597032002
stims_pla,sub3,sup5,0.6649911370726123
stims_pla,sub3,sup6,0.6792860350025344
stims_pla,sub3,sup7,0.6726418299652726
stims_pla,sub3,sup8,0.6502717882078588
stims_pla,sub4,sub5,0.2411289405495449
stims_pla,sub4,sup1,0.6497757906898741
stims_pla,sub4,sup2,0.5719772671005241
stims_pla,sub4,sup3,0.6239390428066479
stims_pla,sub4,sup4,0.5566358753232689
stims_pla,sub4,sup5,0.6339810442967158
stims_pla,sub4,sup6,0.6732722054480331
stims_pla,sub4,sup7,0.6807938976159594
stims_pla,sub4,sup8,0.6360774551891013
stims_pla,sub5,sup1,0.6779024124049501
stims_pla,sub5,sup2,0.5499056658446243
stims_pla,sub5,sup3,0.6447220934338632
stims_pla,sub5,sup4,0.6064123667162269
stims_pla,sub5,sup5,0.6455073528497635
stims_pla,sub5,sup6,0.689186815951504
stims_pla,sub5,sup7,0.704695832916226
stims_pla,sub5,sup8,0.6451871665624178
stims_pla,sup1,sup2,0.5932255000364763
stims_pla,sup1,sup3,0.4434075271840963
stims_pla,sup1,sup4,0.392325572985454
stims_pla,sup1,sup5,0.48714772679549484
stims_pla,sup1,sup6,0.43378259117033946
stims_pla,sup1,sup7,0.27396239946885337
stims_pla,sup1,sup8,0.45130472564088003
stims_pla,sup2,sup3,0.49368000804121387
stims_pla,sup2,sup4,0.533215482661353
stims_pla,sup2,sup5,0.5626466932396565
stims_pla,sup2,sup6,0.5875746503212023
stims_pla,sup2,sup7,0.5538761513861217
stims_pla,sup2,sup8,0.5408484420966727
stims_pla,sup3,sup4,0.45699045433097635
stims_pla,sup3,sup5,0.4570086832634569
stims_pla,sup3,sup6,0.27985831582980264
stims_pla,sup3,sup7,0.4191982363152622
stims_pla,sup3,sup8,0.35245728194424236
stims_pla,sup4,sup5,0.5114646717845521
stims_pla,sup4,sup6,0.5048016962643207
stims_pla,sup4,sup7,0.34130666108750574
stims_pla,sup4,sup8,0.4632217606676227
stims_pla,sup5,sup6,0.5171941441525179
stims_pla,sup5,sup7,0.5105344537713833
stims_pla,sup5,sup8,0.4600875646468439
stims_pla,sup6,sup7,0.44805200653788113
stims_pla,sup6,sup8,0.34728496072692805
stims_pla,sup7,sup8,0.4139282389072661
stims_sea,bas1,bas2,0.33156466870384316
stims_sea,bas1,bas3,0.3574429457227027
stims_sea,bas1,bas4,0.3769017021554135
stims_sea,bas1,sub1,0.48328642497209096
stims_sea,bas1,sub2,0.49850472305290777
stims_sea,bas1,sub3,0.47533289120912187
stims_sea,bas1,sub4,0.5399202239703513
stims_sea,bas1,sub5,0.48265392347077635
stims_sea,bas1,sup1,0.563421505314836
stims_sea,bas1,sup2,0.6115832280559036
stims_sea,bas1,sup3,0.5573881248528174
stims_sea,bas1,sup4,0.6754878136254073
stims_sea,bas1,sup5,0.6655410042037293
stims_sea,bas1,sup6,0.500081842192718
stims_sea,bas2,bas3,0.30266826962321
stims_sea,bas2,bas4,0.30038792766794087
stims_sea,bas2,sub1,0.503363867459063
stims_sea,bas2,sub2,0.49396532452660263
stims_sea,bas2,sub3,0.5012400086969088
stims_sea,bas2,sub4,0.5316844995527643
stims_sea,bas2,sub5,0.504749480176723
stims_sea,bas2,sup1,0.6363510091415137
stims_sea,bas2,sup2,0.5885769639344861
stims_sea,bas2,sup3,0.5710846943886512
stims_sea,bas2,sup4,0.6666962394731386
stims_sea,bas2,sup5,0.649950020032349
stims_sea,bas2,sup6,0.561287133522126
stims_sea,bas3,bas4,0.29238107741543645
stims_sea,bas3,sub1,0.49580222802081547
stims_sea,bas3,sub2,0.5088989051845316
stims_sea,bas3,sub3,0.4707728687075503
stims_sea,bas3,sub4,0.5304034763577687
stims_sea,bas3,sub5,0.5372315256648809
stims_sea,bas3,sup1,0.6236924755333276
stims_sea,bas3,sup2,0.6140087418372451
stims_sea,bas3,sup3,0.5620953354711627
stims_sea,bas3,sup4,0.6466656165422345
stims_sea,bas3,sup5,0.6301618181222965
stims_sea,bas3,sup6,0.5768310246335807
stims_sea,bas4,sub1,0.48781852279213017
stims_sea,bas4,sub2,0.4837427451051511
stims_sea,bas4,sub3,0.4828200114313373
stims_sea,bas4,sub4,0.5035186084363608
stims_sea,bas4,sub5,0.514433481866341
stims_sea,bas4,sup1,0.6415524775932837
stims_sea,bas4,sup2,0.5914494944564117
stims_sea,bas4,sup3,0.570164261418014
stims_sea,bas4,sup4,0.6494742883203275
stims_sea,bas4,sup5,0.6064104780286395
stims_sea,bas4,sup6,0.5665397259922917
stims_sea,sub1,sub2,0.226609127251566
stims_sea,sub1,sub3,0.22664150288085416
stims_sea,sub1,sub4,0.22546269784567238
stims_sea,sub1,sub5,0.20706584583491544
stims_sea,sub1,sup1,0.6895219186344504
stims_sea,sub1,sup2,0.658927788401909
stims_sea,sub1,sup3,0.6444979723967017
stims_sea,sub1,sup4,0.7036488767665676
stims_sea,sub1,sup5,0.6879739811815979
stims_sea,sub1,sup6,0.6442405116297681
stims_sea,sub2,sub3,0.26152710558977366
stims_sea,sub2,sub4,0.21780953905555878
stims_sea,sub2,sub5,0.22518412615304972
stims_sea,sub2,sup1,0.6659141426099942
stims_sea,sub2,sup2,0.6449057292128716
stims_sea,sub2,sup3,0.6389196692173028
stims_sea,sub2,sup4,0.6784897560782985
stims_sea,sub2,sup5,0.687660206048374
stims_sea,sub2,sup6,0.6311853955072666
stims_sea,sub3,sub4,0.20847080748705774
stims_sea,sub3,sub5,0.24240495433774437
stims_sea,sub3,sup1,0.6622488915922752
stims_sea,sub3,sup2,0.6287793599551039
stims_sea,sub3,sup3,0.6278087405003436
stims_sea,sub3,sup4,0.6755179890885169
stims_sea,sub3,sup5,0.6457161696826711
stims_sea,sub3,sup6,0.6015354704080098
stims_sea,sub4,sub5,0.24581862782619598
stims_sea,sub4,sup1,0.6850599359194234
stims_sea,sub4,sup2,0.6650425786860505
stims_sea,sub4,sup3,0.6494185298432237
stims_sea,sub4,sup4,0.7085222742913964
stims_sea,sub4,sup5,0.6917829749920371
stims_sea,sub4,sup6,0.645112293953894
stims_sea,sub5,sup1,0.7220143280945924
stims_sea,sub5,sup2,0.6349544369188159
stims_sea,sub5,sup3,0.6493942095599187
stims_sea,sub5,sup4,0.6940742707097876
stims_sea,sub5,sup5,0.6753288626633368
stims_sea,sub5,sup6,0.636280131638666
stims_sea,sup1,sup2,0.5981986074033653
stims_sea,sup1,sup3,0.3737748318986489
stims_sea,sup1,sup4,0.5448378766624331
stims_sea,sup1,sup5,0.5828927719141628
stims_sea,sup1,sup6,0.47572032497596317
stims_sea,sup2,sup3,0.5130952662818412
stims_sea,sup2,sup4,0.27597254995355053
stims_sea,sup2,sup5,0.31902531891455155
stims_sea,sup2,sup6,0.5088660399387964
stims_sea,sup3,sup4,0.5234481600892477
stims_sea,sup3,sup5,0.5545202155831228
stims_sea,sup3,sup6,0.429961493291805
stims_sea,sup4,sup5,0.2808149413434156
stims_sea,sup4,sup6,0.534226319346414
stims_sea,sup5,sup6,0.5258967883979474
stims_spo,bas1,bas2,0.30992947087510697
stims_spo,bas1,bas3,0.42428488064371034
stims_spo,bas1,bas4,0.4558655725418553
stims_spo,bas1,sub1,0.48627816447615374
stims_spo,bas1,sub2,0.46757672080941326
stims_spo,bas1,sub3,0.4955160180982802
stims_spo,bas1,sub4,0.47432934049734876
stims_spo,bas1,sub5,0.45375862095986935
stims_spo,bas1,sup1,0.6016815617969454
stims_spo,bas1,sup2,0.5745557592722631
stims_spo,bas1,sup3,0.6441271647936616
stims_spo,bas1,sup4,0.6171578373168308
stims_spo,bas1,sup5,0.6114460291765645
stims_spo,bas1,sup6,0.561647542226925
stims_spo,bas2,bas3,0.4471029460282156
stims_spo,bas2,bas4,0.4323337660027361
stims_spo,bas2,sub1,0.48015807972541524
stims_spo,bas2,sub2,0.48305388700938495
stims_spo,bas2,sub3,0.501878381428649
stims_spo,bas2,sub4,0.48238765309990556
stims_spo,bas2,sub5,0.4503439979402852
stims_spo,bas2,sup1,0.620943396457744
stims_spo,bas2,sup2,0.5781906917641992
stims_spo,bas2,sup3,0.6566343514707358
stims_spo,bas2,sup4,0.6206203340413461
stims_spo,bas2,sup5,0.6338332787556571
stims_spo,bas2,sup6,0.6025422822560639
stims_spo,bas3,bas4,0.3892932478690631
stims_spo,bas3,sub1,0.5044566536348143
stims_spo,bas3,sub2,0.4930403881650497
stims_spo,bas3,sub3,0.4953431492427454
stims_spo,bas3,sub4,0.49282314589148324
stims_spo,bas3,sub5,0.4846686875157201
stims_spo,bas3,sup1,0.4786925646201859
stims_spo,bas3,sup2,0.5128920347158668
stims_spo,bas3,sup3,0.6304822750823603
stims_spo,bas3,sup4,0.659878153608079
stims_spo,bas3,sup5,0.5853597016392871
stims_spo,bas3,sup6,0.5657851009474987
stims_spo,bas4,sub1,0.5443692228262182
stims_spo,bas4,sub2,0.523582890774822
stims_spo,bas4,sub3,0.5138014365223281
stims_spo,bas4,sub4,0.5474705101212396
stims_spo,bas4,sub5,0.5194276097193306
stims_spo,bas4,sup1,0.5887126722503666
stims_spo,bas4,sup2,0.5732074631411406
stims_spo,bas4,sup3,0.5851348265015544
stims_spo,bas4,sup4,0.4604699334906528
stims_spo,bas4,sup5,0.6064886715700037
stims_spo,bas4,sup6,0.5859052704560568
stims_spo,sub1,sub2,0.20721796604597045
stims_spo,sub1,sub3,0.20982982422059376
stims_spo,sub1,sub4,0.20102514730610854
stims_spo,sub1,sub5,0.18126358444709928
stims_spo,sub1,sup1,0.6682201748692446
stims_spo,sub1,sup2,0.6179507072637704
stims_spo,sub1,sup3,0.720200027154631
stims_spo,sub1,sup4,0.6788934936004595
stims_spo,sub1,sup5,0.7175174051973159
stims_spo,sub1,sup6,0.6300920877808847
stims_spo,sub2,sub3,0.2311711417780505
stims_spo,sub2,sub4,0.2016964479244823
stims_spo,sub2,sub5,0.18243894611658143
stims_spo,sub2,sup1,0.6680414985106186
stims_spo,sub2,sup2,0.6192468020518435
stims_spo,sub2,sup3,0.7069728464918918
stims_spo,sub2,sup4,0.6786464628549344
stims_spo,sub2,sup5,0.7001891763846134
stims_spo,sub2,sup6,0.6245457690049029
stims_spo,sub3,sub4,0.23566084495438147
stims_spo,sub3,sub5,0.22234762128569693
stims_spo,sub3,sup1,0.6613181139945107
stims_spo,sub3,sup2,0.6222446985073693
stims_spo,sub3,sup3,0.7093513834908017
stims_spo,sub3,sup4,0.6741535697463392
stims_spo,sub3,sup5,0.6937887885299959
stims_spo,sub3,sup6,0.6062933281663954
stims_spo,sub4,sub5,0.1872137115988023
stims_spo,sub4,sup1,0.6737537447763006
stims_spo,sub4,sup2,0.6498910371001271
stims_spo,sub4,sup3,0.7372161006174063
stims_spo,sub4,sup4,0.7070024405084685
stims_spo,sub4,sup5,0.7380165373074311
stims_spo,sub4,sup6,0.6556916734760008
stims_spo,sub5,sup1,0.6606862177889131
stims_spo,sub5,sup2,0.6308048328868185
stims_spo,sub5,sup3,0.6991840215905961
stims_spo,sub5,sup4,0.6611978449336545
stims_spo,sub5,sup5,0.7023064888073267
stims_spo,sub5,sup6,0.616612686646709
stims_spo,sup1,sup2,0.4048069613158275
stims_spo,sup1,sup3,0.48905915125662186
stims_spo,sup1,sup4,0.43480292717481667
stims_spo,sup1,sup5,0.33324839131856965
stims_spo,sup1,sup6,0.5328966893878829
stims_spo,sup2,sup3,0.46311196710307684
stims_spo,sup2,sup4,0.521348804805778
stims_spo,sup2,sup5,0.39364974988721224
stims_spo,sup2,sup6,0.4984434944612111
stims_spo,sup3,sup4,0.4338705991391104
stims_spo,sup3,sup5,0.49218769333770906
stims_spo,sup3,sup6,0.4928516423612865
stims_spo,sup4,sup5,0.45074015361975245
stims_spo,sup4,sup6,0.5792781031240339
stims_spo,sup5,sup6,0.450528448761976
stims_sta,bas1,bas2,0.48869531738441424
stims_sta,bas1,bas3,0.3189873264078074
stims_sta,bas1,bas4,0.27371431243998834
stims_sta,bas1,sub1,0.4791153696347
stims_sta,bas1,sub2,0.4699435375418308
stims_sta,bas1,sub3,0.4810472568694344
stims_sta,bas1,sub4,0.4548078857709453
stims_sta,bas1,sub5,0.4865556407417782
stims_sta,bas1,sup1,0.6468901182322976
stims_sta,bas1,sup2,0.6190968363839219
stims_sta,bas1,sup3,0.6378143287287777
stims_sta,bas1,sup4,0.6253668994298918
stims_sta,bas1,sup5,0.6276739762668626
stims_sta,bas1,sup6,0.6077743333285117
stims_sta,bas2,bas3,0.460956560632805
stims_sta,bas2,bas4,0.5365250799391476
stims_sta,bas2,sub1,0.4352170527671434
stims_sta,bas2,sub2,0.46077208466829134
stims_sta,bas2,sub3,0.3849776573980137
stims_sta,bas2,sub4,0.43934455055240546
stims_sta,bas2,sub5,0.4173691473507562
stims_sta,bas2,sup1,0.4985181566040965
stims_sta,bas2,sup2,0.6639078060271147
stims_sta,bas2,sup3,0.6282850104681851
stims_sta,bas2,sup4,0.5715192045528883
stims_sta,bas2,sup5,0.601396473073257
stims_sta,bas2,sup6,0.48587879978938686
stims_sta,bas3,bas4,0.3272310229201784
stims_sta,bas3,sub1,0.4004764156480398
stims_sta,bas3,sub2,0.36516925835485614
stims_sta,bas3,sub3,0.38426564405767233
stims_sta,bas3,sub4,0.4220984525247931
stims_sta,bas3,sub5,0.43566047916059636
stims_sta,bas3,sup1,0.6626127158250168
stims_sta,bas3,sup2,0.6666223151135665
stims_sta,bas3,sup3,0.6330100883942698
stims_sta,bas3,sup4,0.5864004320968014
stims_sta,bas3,sup5,0.5900280639395294
stims_sta,bas3,sup6,0.6524459070691474
stims_sta,bas4,sub1,0.4930817950274771
stims_sta,bas4,sub2,0.46842812573508164
stims_sta,bas4,sub3,0.4580215223974906
stims_sta,bas4,sub4,0.48475556319626784
stims_sta,bas4,sub5,0.535511016310293
stims_sta,bas4,sup1,0.6327300005140664
stims_sta,bas4,sup2,0.6222314064961714
stims_sta,bas4,sup3,0.6163266956102746
stims_sta,bas4,sup4,0.6166783946642972
stims_sta,bas4,sup5,0.6120383153527799
stims_sta,bas4,sup6,0.6078663321679302
stims_sta,sub1,sub2,0.29579906265548933
stims_sta,sub1,sub3,0.2828712437661423
stims_sta,sub1,sub4,0.21438945266809653
stims_sta,sub1,sub5,0.21962108669743727
stims_sta,sub1,sup1,0.6388867765981014
stims_sta,sub1,sup2,0.7053147050420336
stims_sta,sub1,sup3,0.6732632916128417
stims_sta,sub1,sup4,0.6659517080448215
stims_sta,sub1,sup5,0.6565447274277658
stims_sta,sub1,sup6,0.6327948255696874
stims_sta,sub2,sub3,0.21391056533425892
stims_sta,sub2,sub4,0.24561592731550447
stims_sta,sub2,sub5,0.2787496209402602
stims_sta,sub2,sup1,0.6584918261243673
stims_sta,sub2,sup2,0.70894747249415635
stims_sta,sub2,sup3,0.6778754466845113
stims_sta,sub2,sup4,0.6758453239116532
stims_sta,sub2,sup5,0.686121958498412
stims_sta,sub2,sup6,0.6648216530830756
stims_sta,sub3,sub4,0.26813223963437927
stims_sta,sub3,sub5,0.30405716015626405
stims_sta,sub3,sup1,0.5887946654222357
stims_sta,sub3,sup2,0.6867922231130602
stims_sta,sub3,sup3,0.6509230309333223
stims_sta,sub3,sup4,0.6394572705473244
stims_sta,sub3,sup5,0.6506886043758827
stims_sta,sub3,sup6,0.6056018508259653
stims_sta,sub4,sub5,0.2772318230249879
stims_sta,sub4,sup1,0.6131970249097776
stims_sta,sub4,sup2,0.6723609357369102
stims_sta,sub4,sup3,0.6492125651265492
stims_sta,sub4,sup4,0.6731415478519885
stims_sta,sub4,sup5,0.6637171445872994
stims_sta,sub4,sup6,0.6019747896357143
stims_sta,sub5,sup1,0.6648807541828996
stims_sta,sub5,sup2,0.7475175302929237
stims_sta,sub5,sup3,0.7012038816885987
stims_sta,sub5,sup4,0.6776641840212608
stims_sta,sub5,sup5,0.6850572107555998
stims_sta,sub5,sup6,0.6471745552216807
stims_sta,sup1,sup2,0.48811354987516087
stims_sta,sup1,sup3,0.4644192198395765
stims_sta,sup1,sup4,0.4998185687474347
stims_sta,sup1,sup5,0.5378809729489615
stims_sta,sup1,sup6,0.3652646325989208
stims_sta,sup2,sup3,0.44034358438106475
stims_sta,sup2,sup4,0.4144681875130639
stims_sta,sup2,sup5,0.48688511293407033
stims_sta,sup2,sup6,0.4902947126432067
stims_sta,sup3,sup4,0.4430212696018154
stims_sta,sup3,sup5,0.33796793998435726
stims_sta,sup3,sup6,0.4699107672711714
stims_sta,sup4,sup5,0.40046176444991305
stims_sta,sup4,sup6,0.5326529043588446
stims_sta,sup5,sup6,0.5137541170933462
stims_veg,bas1,bas2,0.37250014194972125
stims_veg,bas1,bas3,0.19641998424243778
stims_veg,bas1,bas4,0.3369518977390532
stims_veg,bas1,sub1,0.41094438741283146
stims_veg,bas1,sub2,0.42223719171036544
stims_veg,bas1,sub3,0.4478714454470218
stims_veg,bas1,sub4,0.40608423394058724
stims_veg,bas1,sub5,0.40825473850504845
stims_veg,bas1,sup1,0.6569076730835365
stims_veg,bas1,sup2,0.5486610774620834
stims_veg,bas1,sup3,0.6128799613463782
stims_veg,bas1,sup4,0.6350927991037573
stims_veg,bas1,sup5,0.6188452564220535
stims_veg,bas1,sup6,0.6595960314268763
stims_veg,bas2,bas3,0.403291960085526
stims_veg,bas2,bas4,0.21541407467724455
stims_veg,bas2,sub1,0.40434832256416353
stims_veg,bas2,sub2,0.431470814183694
stims_veg,bas2,sub3,0.41698365686819366
stims_veg,bas2,sub4,0.4145462852124967
stims_veg,bas2,sub5,0.40716533535262805
stims_veg,bas2,sup1,0.6493011191337766
stims_veg,bas2,sup2,0.638112802457444
stims_veg,bas2,sup3,0.5925144663020846
stims_veg,bas2,sup4,0.6683237333776085
stims_veg,bas2,sup5,0.6444194138209565
stims_veg,bas2,sup6,0.7179534442764142
stims_veg,bas3,bas4,0.32450501437719453
stims_veg,bas3,sub1,0.39722700360794805
stims_veg,bas3,sub2,0.418182895601122
stims_veg,bas3,sub3,0.43929140499471186
stims_veg,bas3,sub4,0.37923115650227723
stims_veg,bas3,sub5,0.3936179120122689
stims_veg,bas3,sup1,0.6657356677934785
stims_veg,bas3,sup2,0.567249801648066
stims_veg,bas3,sup3,0.6114672471807338
stims_veg,bas3,sup4,0.6486582154997387
stims_veg,bas3,sup5,0.6728433561757136
stims_veg,bas3,sup6,0.685213485456648
stims_veg,bas4,sub1,0.38236427137687135
stims_veg,bas4,sub2,0.42983342461746216
stims_veg,bas4,sub3,0.4343252542817911
stims_veg,bas4,sub4,0.4100869691792208
stims_veg,bas4,sub5,0.36728780613537
stims_veg,bas4,sup1,0.6517166382422902
stims_veg,bas4,sup2,0.5977174405625797
stims_veg,bas4,sup3,0.5556170483281901
stims_veg,bas4,sup4,0.6455089913341615
stims_veg,bas4,sup5,0.6456550248400061
stims_veg,bas4,sup6,0.6848088386754067
stims_veg,sub1,sub2,0.2055367869835613
stims_veg,sub1,sub3,0.2390396982292392
stims_veg,sub1,sub4,0.21886665049451798
stims_veg,sub1,sub5,0.2614737816913086
stims_veg,sub1,sup1,0.6686517785244066
stims_veg,sub1,sup2,0.6678204145615961
stims_veg,sub1,sup3,0.6568404046624414
stims_veg,sub1,sup4,0.6284964176291157
stims_veg,sub1,sup5,0.7231014041140779
stims_veg,sub1,sup6,0.6913542989337286
stims_veg,sub2,sub3,0.22357434592409425
stims_veg,sub2,sub4,0.1989119745525941
stims_veg,sub2,sub5,0.23076626847025128
stims_veg,sub2,sup1,0.6301078908666992
stims_veg,sub2,sup2,0.6504806845376174
stims_veg,sub2,sup3,0.652708852999981
stims_veg,sub2,sup4,0.6014761448206519
stims_veg,sub2,sup5,0.7162816121735143
stims_veg,sub2,sup6,0.658022057829395
stims_veg,sub3,sub4,0.23428655381737665
stims_veg,sub3,sub5,0.25336721871848544
stims_veg,sub3,sup1,0.626562410965843
stims_veg,sub3,sup2,0.6324929906372353
stims_veg,sub3,sup3,0.6686670557314838
stims_veg,sub3,sup4,0.626323614310655
stims_veg,sub3,sup5,0.6805899698869159
stims_veg,sub3,sup6,0.6568943644774262
stims_veg,sub4,sub5,0.23940414340014585
stims_veg,sub4,sup1,0.6744722563431451
stims_veg,sub4,sup2,0.6746752598244856
stims_veg,sub4,sup3,0.6730337350189605
stims_veg,sub4,sup4,0.6306591349404408
stims_veg,sub4,sup5,0.7310030936605323
stims_veg,sub4,sup6,0.704189390686956
stims_veg,sub5,sup1,0.643474737959233
stims_veg,sub5,sup2,0.6583684154276844
stims_veg,sub5,sup3,0.6690646443005858
stims_veg,sub5,sup4,0.6215637710474895
stims_veg,sub5,sup5,0.7209194262465602
stims_veg,sub5,sup6,0.6805922763658904
stims_veg,sup1,sup2,0.4934520935230435
stims_veg,sup1,sup3,0.5836021472437312
stims_veg,sup1,sup4,0.4323972722438334
stims_veg,sup1,sup5,0.5670802799368428
stims_veg,sup1,sup6,0.5230567498864096
stims_veg,sup2,sup3,0.5405571724343099
stims_veg,sup2,sup4,0.5091638635802551
stims_veg,sup2,sup5,0.48638867185876605
stims_veg,sup2,sup6,0.49919815314380656
stims_veg,sup3,sup4,0.5415776373870169
stims_veg,sup3,sup5,0.42965855080042137
stims_veg,sup3,sup6,0.4854112847480298
stims_veg,sup4,sup5,0.5269114426811493
stims_veg,sup4,sup6,0.4526697896105774
stims_veg,sup5,sup6,0.4377873422561057
stims_veh,bas1,bas2,0.3468060833383778
stims_veh,bas1,bas3,0.22340779843428668
stims_veh,bas1,bas4,0.24031825365078438
stims_veh,bas1,sub1,0.4707865357175581
stims_veh,bas1,sub2,0.41334983039075623
stims_veh,bas1,sub3,0.4556963581203071
stims_veh,bas1,sub4,0.4441311895737671
stims_veh,bas1,sub5,0.4554189699374136
stims_veh,bas1,sup1,0.6178609984673759
stims_veh,bas1,sup2,0.5866655941626291
stims_veh,bas1,sup3,0.5982827982057228
stims_veh,bas1,sup4,0.6145707848539415
stims_veh,bas1,sup5,0.6010795557121877
stims_veh,bas1,sup6,0.609604738269111
stims_veh,bas2,bas3,0.35785235106566277
stims_veh,bas2,bas4,0.36414669100767794
stims_veh,bas2,sub1,0.48938023636468064
stims_veh,bas2,sub2,0.45489278701788766
stims_veh,bas2,sub3,0.48352172558952616
stims_veh,bas2,sub4,0.4492087794446175
stims_veh,bas2,sub5,0.4380422199198567
stims_veh,bas2,sup1,0.525597801552433
stims_veh,bas2,sup2,0.5894666934316343
stims_veh,bas2,sup3,0.47835285494951807
stims_veh,bas2,sup4,0.607650776197117
stims_veh,bas2,sup5,0.6275130302552459
stims_veh,bas2,sup6,0.590538990096997
stims_veh,bas3,bas4,0.2766862952146157
stims_veh,bas3,sub1,0.45045695216275994
stims_veh,bas3,sub2,0.3908830033358185
stims_veh,bas3,sub3,0.46397691305486416
stims_veh,bas3,sub4,0.4223024971625186
stims_veh,bas3,sub5,0.42891096003260826
stims_veh,bas3,sup1,0.6567157909491602
stims_veh,bas3,sup2,0.6001296161484678
stims_veh,bas3,sup3,0.6208123797593718
stims_veh,bas3,sup4,0.6350438281882166
stims_veh,bas3,sup5,0.6053550981349728
stims_veh,bas3,sup6,0.6887274170919351
stims_veh,bas4,sub1,0.43116298538338343
stims_veh,bas4,sub2,0.40730678867572206
stims_veh,bas4,sub3,0.42980038330285525
stims_veh,bas4,sub4,0.44666897698359326
stims_veh,bas4,sub5,0.43596004209118144
stims_veh,bas4,sup1,0.6217525162026992
stims_veh,bas4,sup2,0.6311498001628272
stims_veh,bas4,sup3,0.595193884927902
stims_veh,bas4,sup4,0.6591564350964523
stims_veh,bas4,sup5,0.6383552420360257
stims_veh,bas4,sup6,0.6649708428964979
stims_veh,sub1,sub2,0.1900417056036727
stims_veh,sub1,sub3,0.21964959317464153
stims_veh,sub1,sub4,0.20145270731509968
stims_veh,sub1,sub5,0.2190158671115602
stims_veh,sub1,sup1,0.6277948022831241
stims_veh,sub1,sup2,0.6599684238158362
stims_veh,sub1,sup3,0.6229226160468119
stims_veh,sub1,sup4,0.6652608886205901
stims_veh,sub1,sup5,0.6805347698172979
stims_veh,sub1,sup6,0.6260751434736875
stims_veh,sub2,sub3,0.20119657080412187
stims_veh,sub2,sub4,0.2048038611652914
stims_veh,sub2,sub5,0.21052010816366826
stims_veh,sub2,sup1,0.6365027343204328
stims_veh,sub2,sup2,0.6535630543849009
stims_veh,sub2,sup3,0.6364807450551107
stims_veh,sub2,sup4,0.6620678530663042
stims_veh,sub2,sup5,0.6802995104784842
stims_veh,sub2,sup6,0.630455532398731
stims_veh,sub3,sub4,0.20277774752257732
stims_veh,sub3,sub5,0.2280902788134783
stims_veh,sub3,sup1,0.6511921684045007
stims_veh,sub3,sup2,0.6896486767138515
stims_veh,sub3,sup3,0.6608876959553793
stims_veh,sub3,sup4,0.695655738963781
stims_veh,sub3,sup5,0.6900871693224322
stims_veh,sub3,sup6,0.6464921559109972
stims_veh,sub4,sub5,0.217586917607663
stims_veh,sub4,sup1,0.6451977220757585
stims_veh,sub4,sup2,0.6714043650047209
stims_veh,sub4,sup3,0.6368078363709778
stims_veh,sub4,sup4,0.6836644159215457
stims_veh,sub4,sup5,0.6974241243047532
stims_veh,sub4,sup6,0.6611548226356365
stims_veh,sub5,sup1,0.6363728438184559
stims_veh,sub5,sup2,0.6900965029304668
stims_veh,sub5,sup3,0.6665917803379533
stims_veh,sub5,sup4,0.7043246986092436
stims_veh,sub5,sup5,0.69385183117277
stims_veh,sub5,sup6,0.6727654319693928
stims_veh,sup1,sup2,0.5604316905485781
stims_veh,sup1,sup3,0.45801287575377336
stims_veh,sup1,sup4,0.5518543288670527
stims_veh,sup1,sup5,0.5522594488777532
stims_veh,sup1,sup6,0.3798806943381486
stims_veh,sup2,sup3,0.6541963244436473
stims_veh,sup2,sup4,0.18145359669348024
stims_veh,sup2,sup5,0.47801297185049696
stims_veh,sup2,sup6,0.576546227980115
stims_veh,sup3,sup4,0.6438796330926562
stims_veh,sup3,sup5,0.5646760259249533
stims_veh,sup3,sup6,0.4765871284421502
stims_veh,sup4,sup5,0.4586588928861109
stims_veh,sup4,sup6,0.5574806460987621
stims_veh,sup5,sup6,0.5094291504989343
